{
  "roc_auc_test": 0.713307762440472,
  "pr_auc_test": 0.07160469132969619,
  "f1_at_threshold": 0.12713531421472202,
  "threshold": 0.6731165051460266,
  "baseline_lr_roc_auc": 0.47505921825903447,
  "n_train": 1488033,
  "n_test": 372009
}